# pi_control,v0.2.0
# log for:, actuator.force
# date:, 2018_07_25_11_07_07
# meta:, 
# comment:,
time (s), force (N), local_temp (C), timestamp (ms since loadcell powerup)
0.012028450999423512,123,456,789
0.13315555899953324,123,456,789
0.25419652099935774,123,456,789
0.37741050600016024,123,456,789
0.4976630289993409,123,456,789
0.6212772230001065,123,456,789

