# pi_control,v0.2.0
# log for:, thermocouple
# date:, 2018_07_25_11_06_40
# meta:, ambient
# comment:,
time (s), temperature (C), internal temperature (C)
0.013215431000389799,23.7109375,24.015625
0.1380700429999706,23.6796875,23.984375
0.25837168199996086,23.6796875,23.984375
0.3790785290002532,23.7265625,24.015625

