# pi_control,v0.2.0
# log for:, thermocouple
# date:, 2018_07_25_11_06_40
# meta:, sample
# comment:,
time (s), temperature (C), internal temperature (C)
0.01677996600028564,-199.953125,24.9375
0.1422305160003816,-199.953125,24.9375
0.26234897799986356,-199.953125,24.984375
0.3860321310003201,-199.953125,24.9375

