# pi_control,v0.2.0
# log for:, actuator.speed
# date:, 2018_07_25_13_30_08
# meta:, 
# comment:,
time (s), speed (raw)
0.012081677000026048,1024
0.13053343899997571,32
0.2510882760000186,1
0.37230431199998293,128
0.49237368000001425,2
0.6126751310000031,256
0.7322488739999926,4
0.8527944400000251,512
0.9721893280000131,8
1.0922676540000111,1024
1.213029731000006,16
1.334241287999987,0
1.4574560749999819,32
1.578113567999992,0
1.6993475200000034,64
1.8223905360000003,1
1.9438639680000165,64
2.064572659000021,2
2.188383956999985,128
2.3121305679999864,2
2.433366863999993,256
2.5570915469999704,4
2.6778378430000203,256
2.7994058059999816,8
2.922912311999994,512
3.04396303499999,8
3.16718584299997,512
3.289574119000008,16
3.4136832290000143,1024
3.537821975999975,32
3.6608347829999843,0
3.783661757999994,64
3.906274305000011,1
4.027701798999999,64
4.150864814999977,2
4.2746979359999955,128
4.396579180000003,2
4.519915426000011,256
4.642154013999971,4
4.76292400799997,256
4.883760875999997,8
5.007092122000017,512
5.132323160999988,16
5.2547334679999835,1024
5.376767421000011,16
5.498288247999994,0
5.621315430999971,32
5.743334227999981,0
5.865438754000024,64
5.988893019999978,1
6.110545565999985,64
6.230717954999989,2
6.35591696299997,128
6.479275812000026,4
6.601790547000007,256
6.722042726999973,4
6.846983297000008,512
6.969369855000025,8
7.092664590000027,1024
7.214789687999996,16
7.336111297000002,1024
7.458961084000009,32

